{"cameraMode":{"drawMode":0,"name":"Shaded","section":"Shading Mode"},"sceneLighting":false,"audioPlay":false,"sceneViewState":{"m_AlwaysRefresh":false,"showFog":true,"showSkybox":true,"showFlares":true,"showImageEffects":true,"showParticleSystems":true,"showVisualEffectGraphs":true,"m_FxEnabled":false},"in2DMode":false,"pivot":{"x":1.1556051969528199,"y":0.7058563232421875,"z":97.16378021240235},"rotation":{"x":0.14288011193275453,"y":-0.019298648461699487,"z":0.0027865120209753515,"w":0.9895485043525696},"size":15.181291580200196,"orthographic":true}